Point,Site,TopCanopy,Code1,Code2,Code3,SoilSurface
0.2,Amt1,,,,,DAC
0.4,Amt1,,,,,IC
0.6,Amt1,,,,,G
0.8,Amt1,AF,,,,DAC
1,Amt1,AF,,,,IC
1.2,Amt1,AF,,,,G
1.4,Amt1,,,,HL,BG
1.6,Amt1,LATR,,,HL,IC
1.8,Amt1,LATR,,,,IC
2,Amt1,,,,,LAC
2.2,Amt1,,,,,LAC
2.4,Amt1,,,,,LAC
2.6,Amt1,,,,,LAC
2.8,Amt1,,,,,DAC
3,Amt1,,,,,DAC
3.2,Amt1,,,,,G
3.4,Amt1,AF,,,,LAC
3.6,Amt1,AF,,,,LAC
3.8,Amt1,,,,,BG
4,Amt1,AF,,,,G
4.2,Amt1,,,,,IC
4.4,Amt1,AF,,,,G
4.6,Amt1,,,,,IC
4.8,Amt1,,,,,LAC
5,Amt1,,,,,LAC
5.2,Amt1,,,,,IC
5.4,Amt1,,,,,LAC
5.6,Amt1,AF,KR,,,BG
5.8,Amt1,KR,,,,BG
6,Amt1,KR,,,,LAC
6.2,Amt1,,,,,LAC
6.4,Amt1,AF,,,,IC
6.6,Amt1,,,,,LAC
6.8,Amt1,,,,HL,LAC
7,Amt1,KR,AF,,,LAC
7.2,Amt1,KR,,,,IC
7.4,Amt1,,,,,LAC
7.6,Amt1,AF,,,,LAC
7.8,Amt1,,,,,IC
8,Amt1,,,,,G
8.2,Amt1,,,,,IC
8.4,Amt1,AF,,,,IC
8.6,Amt1,KR,AF,,,LAC
8.8,Amt1,KR,,,,LAC
9,Amt1,AF,,,,G
9.2,Amt1,KR,AF,,,DAC
9.4,Amt1,AF,KR,,,IC
9.6,Amt1,KR,,,,IC
9.8,Amt1,AF,,,,DAC
10,Amt1,AF,,,,IC
10.2,Amt1,,,,,G
10.4,Amt1,,,,,BG
10.6,Amt1,,,,,IC
10.8,Amt1,,,,,G
11,Amt1,,,,,BG
11.2,Amt1,,,,,Collema
11.4,Amt1,,,,,G
11.6,Amt1,,,,,IC
11.8,Amt1,,,,,G
12,Amt1,,,,,Clav
12.2,Amt1,,,,HL,Collema
12.4,Amt1,,,,,Collema
12.6,Amt1,KR,,,,Clav
12.8,Amt1,KR,,,HL,BG
13,Amt1,KR,,,HL,BG
13.2,Amt1,KR,,,,IC
13.4,Amt1,,,,,Collema
13.6,Amt1,,,,,Pelt
13.8,Amt1,,,,,DAC
14,Amt1,,,,,LAC
14.2,Amt1,AF,,,,IC
14.4,Amt1,,,,HL,BG
14.6,Amt1,,,,,IC
14.8,Amt1,LATR,AF,,,DAC
15,Amt1,LATR,AF,,,IC
15.2,Amt1,,,,,Collema
15.4,Amt1,,,,,LAC
15.6,Amt1,,,,,LAC
15.8,Amt1,,,,,G
16,Amt1,AF,,,,IC
16.2,Amt1,,,,,IC
16.4,Amt1,,,,,IC
16.6,Amt1,,,,,DAC
16.8,Amt1,,,,,DAC
17,Amt1,,,,,Pelt
17.2,Amt1,,,,,IC
17.4,Amt1,,,,,IC
17.6,Amt1,,,,,G
17.8,Amt1,,,,,G
18,Amt1,,,,,G
18.2,Amt1,AF,,,HL,IC
18.4,Amt1,AF,,,HL,BG
18.6,Amt1,,,,,IC
18.8,Amt1,,,,HL,IC
19,Amt1,AF,,,HL,BG
19.2,Amt1,,,,,IC
19.4,Amt1,AF,,,,IC
19.6,Amt1,AF,LATR,,,IC
19.8,Amt1,LATR,AF,,,IC
20,Amt1,,,,,DAC
20.2,Amt1,AF,,,,DAC
20.4,Amt1,AF,,,,DAC
20.6,Amt1,,,,,DAC
20.8,Amt1,,,,,DAC
21,Amt1,,,,,Pelt
21.2,Amt1,AF,,,,Pelt
21.4,Amt1,,,,,DAC
21.6,Amt1,,,,,DAC
21.8,Amt1,,,,,Pelt
22,Amt1,,,,,Collema
22.2,Amt1,,,,,LAC
22.4,Amt1,,,,,LAC
22.6,Amt1,,,,,LAC
22.8,Amt1,,,,,Pelt
23,Amt1,,,,,IC
23.2,Amt1,,,,,DAC
23.4,Amt1,,,,,IC
23.6,Amt1,,,,,G
23.8,Amt1,,,,,IC
24,Amt1,,,,,G
24.2,Amt1,,,,,G
24.4,Amt1,,,,,G
24.6,Amt1,,,,,BG
24.8,Amt1,,,,,G
25,Amt1,AF,,,,G
25.2,Amt1,,,,,G
25.4,Amt1,AF,,,,G
25.6,Amt1,,,,,G
25.8,Amt1,,,,,G
26,Amt1,,,,,G
26.2,Amt1,,,,,DAC
26.4,Amt1,,,,,LAC
26.6,Amt1,UF1,,,,LAC
26.8,Amt1,UF1,,,,DAC
27,Amt1,LATR,,,,DAC
27.2,Amt1,,,,HL,DAC
27.4,Amt1,,,,,DAC
27.6,Amt1,,,,,DAC
27.8,Amt1,,,,,DAC
28,Amt1,,,,,Collema
28.2,Amt1,,,,HL,LAC
28.4,Amt1,,,,,DAC
28.6,Amt1,,,,,DAC
28.8,Amt1,,,,,LAC
29,Amt1,,,,,G
29.2,Amt1,,,,,G
29.4,Amt1,,,,,G
29.6,Amt1,,,,,G
29.8,Amt1,,,,,G
30,Amt1,AF,,,,IC
0.2,Amt2,,,,,LAC
0.4,Amt2,AF,,,,IC
0.6,Amt2,AF,,,,G
0.8,Amt2,,,,,LAC
1,Amt2,,,,,DAC
1.2,Amt2,AF,,,,DAC
1.4,Amt2,,,,,LAC
1.6,Amt2,,,,,IC
1.8,Amt2,AF,,,,IC
2,Amt2,,,,,BG
2.2,Amt2,AF,,,HL,BG
2.4,Amt2,,,,HL,BG
2.6,Amt2,LATR,AF,,HL,BG
2.8,Amt2,LATR,AF,,HL,BG
3,Amt2,LATR,AF,,HL,BG
3.2,Amt2,LATR,,,HL,BG
3.4,Amt2,LATR,AF,,HL,IC
3.6,Amt2,,,,WL,IC
3.8,Amt2,,,,,BG
4,Amt2,,,,,IC
4.2,Amt2,,,,,G
4.4,Amt2,AF,,,,BG
4.6,Amt2,,,,,LAC
4.8,Amt2,AF,,,,LAC
5,Amt2,,,,,G
5.2,Amt2,,,,,BG
5.4,Amt2,,,,,IC
5.6,Amt2,,,,,IC
5.8,Amt2,AF,,,,BG
6,Amt2,AF,LATR,,,IC
6.2,Amt2,LATR,AF,,HL,IC
6.4,Amt2,LATR,AF,,,LAC
6.6,Amt2,CC,AF,,HL,IC
6.8,Amt2,AF,,,,G
7,Amt2,,,,WL,BG
7.2,Amt2,,,,,BG
7.4,Amt2,,,,WL,BG
7.6,Amt2,AF,,,,IC
7.8,Amt2,,,,,G
8,Amt2,,,,,G
8.2,Amt2,,,,,G
8.4,Amt2,KR,,,HL,BG
8.6,Amt2,KR,,,HL,BG
8.8,Amt2,KR,,,HL,BG
9,Amt2,LATR,KR,,HL,BG
9.2,Amt2,LATR,KR,,HL,BG
9.4,Amt2,AF,,,HL,IC
9.6,Amt2,,,,,DAC
9.8,Amt2,,,,,G
10,Amt2,,,,,G
10.2,Amt2,,,,,IC
10.4,Amt2,AF,,,,Clav
10.6,Amt2,,,,,LAC
10.8,Amt2,,,,,IC
11,Amt2,,,,,IC
11.2,Amt2,,,,,G
11.4,Amt2,AF,,,,LAC
11.6,Amt2,AF,,,,Clav
11.8,Amt2,,,,,IC
12,Amt2,,,,,DAC
12.2,Amt2,,,,,DAC
12.4,Amt2,,,,HL,IC
12.6,Amt2,,,,,IC
12.8,Amt2,,,,,G
13,Amt2,AF,,,,IC
13.2,Amt2,,,,,G
13.4,Amt2,,,,,LAC
13.6,Amt2,,,,,G
13.8,Amt2,,,,,G
14,Amt2,,,,,DAC
14.2,Amt2,,,,,LAC
14.4,Amt2,,,,,LAC
14.6,Amt2,,,,,G
14.8,Amt2,,,,,LAC
15,Amt2,,,,,DAC
15.2,Amt2,,,,,Collema
15.4,Amt2,,,,,IC
15.6,Amt2,AF,,,,G
15.8,Amt2,LATR,AF,,,DAC
16,Amt2,LATR,,,,BG
16.2,Amt2,AF,,,,BG
16.4,Amt2,AF,,,HL,BG
16.6,Amt2,LATR,AF,,HL,BG
16.8,Amt2,AF,LATR,,,DAC
17,Amt2,,,,WL,DAC
17.2,Amt2,,,,,DAC
17.4,Amt2,,,,,LAC
17.6,Amt2,AF,,,,IC
17.8,Amt2,AF,,,,LAC
18,Amt2,LATR,AF,,,BG
18.2,Amt2,LATR,,,WL,IC
18.4,Amt2,LATR,AF,,,LAC
18.6,Amt2,LATR,,,,IC
18.8,Amt2,AF,,,,LAC
19,Amt2,AF,,,,IC
19.2,Amt2,AF,,,,IC
19.4,Amt2,LATR,AF,,,LAC
19.6,Amt2,LATR,AF,,HL,IC
19.8,Amt2,LATR,AF,,HL,BG
20,Amt2,,,,,DAC
20.2,Amt2,,,,HL,IC
20.4,Amt2,AF,,,,LAC
20.6,Amt2,,,,,G
20.8,Amt2,,,,,DAC
21,Amt2,,,,,DAC
21.2,Amt2,,,,,LAC
21.4,Amt2,,,,,Collema
21.6,Amt2,,,,,Collema
21.8,Amt2,,,,,Collema
22,Amt2,,,,,DAC
22.2,Amt2,,,,,DAC
22.4,Amt2,AF,,,,DAC
22.6,Amt2,,,,,DAC
22.8,Amt2,AF,,,,DAC
23,Amt2,,,,,DAC
23.2,Amt2,AF,,,,G
23.4,Amt2,,,,,DAC
23.6,Amt2,,,,,DAC
23.8,Amt2,,,,,LAC
24,Amt2,AF,,,WL,IC
24.2,Amt2,LATR,,,,LAC
24.4,Amt2,LATR,AF,,,LAC
24.6,Amt2,LATR,AF,,,IC
24.8,Amt2,LATR,AF,,,IC
25,Amt2,LATR,,,HL,BG
25.2,Amt2,LATR,,,WL,BG
25.4,Amt2,LATR,,,HL,IC
25.6,Amt2,LATR,AF,,HL,BG
25.8,Amt2,LATR,AF,,,LAC
26,Amt2,AF,,,HL,IC
26.2,Amt2,AF,,,,DAC
26.4,Amt2,,,,,Clav
26.6,Amt2,,,,,LAC
26.8,Amt2,,,,,IC
27,Amt2,AF,,,,LAC
27.2,Amt2,AF,,,,DAC
27.4,Amt2,LATR,AF,,,DAC
27.6,Amt2,,,,,Collema
27.8,Amt2,,,,,LAC
28,Amt2,,,,,BG
28.2,Amt2,,,,,DAC
28.4,Amt2,,,,,G
28.6,Amt2,,,,,LAC
28.8,Amt2,,,,,IC
29,Amt2,,,,,IC
29.2,Amt2,AF,,,,IC
29.4,Amt2,AF,,,,IC
29.6,Amt2,AF,,,,LAC
29.8,Amt2,AF,,,WL,BG
30,Amt2,AF,,,HL,IC
0.2,Vol1,,,,,R
0.4,Vol1,,,,HL,BG
0.6,Vol1,UF1 2,,,,BG
0.8,Vol1,,,,,R
1,Vol1,,,,,R
1.2,Vol1,,,,,R
1.4,Vol1,,,,,R
1.6,Vol1,,,,HL,R
1.8,Vol1,,,,,R
2,Vol1,,,,,R
2.2,Vol1,,,,,R
2.4,Vol1,,,,,R
2.6,Vol1,,,,,R
2.8,Vol1,,,,,R
3,Vol1,,,,HL,BG
3.2,Vol1,,,,,R
3.4,Vol1,,,,,R
3.6,Vol1,,,,HL,R
3.8,Vol1,,,,,R
4,Vol1,,,,,R
4.2,Vol1,,,,HL,R
4.4,Vol1,,,,,BG
4.6,Vol1,,,,,BG
4.8,Vol1,,,,,R
5,Vol1,,,,,LAC
5.2,Vol1,UF2,,,,R
5.4,Vol1,,,,,R
5.6,Vol1,,,,,R
5.8,Vol1,,,,,R
6,Vol1,,,,,R
6.2,Vol1,,,,,R
6.4,Vol1,,,,,LAC
6.6,Vol1,,,,,R
6.8,Vol1,,,,,BG
7,Vol1,UF1 2,,,,BG
7.2,Vol1,,,,,R
7.4,Vol1,,,,,R
7.6,Vol1,,,,,LAC
7.8,Vol1,,,,,LAC
8,Vol1,,,,,LAC
8.2,Vol1,,,,,R
8.4,Vol1,,,,,LAC
8.6,Vol1,,,,,LAC
8.8,Vol1,MUPO,,,,BG
9,Vol1,MUPO,,,,BG
9.2,Vol1,MUPO,,,,LAC
9.4,Vol1,US1,,,HL,BG
9.6,Vol1,,,,,LAC
9.8,Vol1,,,,,IC
10,Vol1,,,,HL,LAC
10.2,Vol1,,,,HL,IC
10.4,Vol1,,,,,PC
10.6,Vol1,,,,,IC
10.8,Vol1,,,,,R
11,Vol1,,,,HL,LAC
11.2,Vol1,,,,HL,LAC
11.4,Vol1,,,,,Pelt
11.6,Vol1,,,,,Pelt
11.8,Vol1,,,,,Clav
12,Vol1,,,,,PC
12.2,Vol1,,,,,R
12.4,Vol1,,,,,R
12.6,Vol1,,,,,R
12.8,Vol1,,,,,R
13,Vol1,,,,,DAC
13.2,Vol1,,,,,R
13.4,Vol1,,,,,R
13.6,Vol1,,,,,R
13.8,Vol1,,,,,R
14,Vol1,,,,,R
14.2,Vol1,,,,,R
14.4,Vol1,,,,,R
14.6,Vol1,,,,,Pelt
14.8,Vol1,,,,,R
15,Vol1,,,,,R
15.2,Vol1,,,,,R
15.4,Vol1,,,,,R
15.6,Vol1,,,,,R
15.8,Vol1,,,,,R
16,Vol1,UF3,,,,R
16.2,Vol1,UF3,,,HL,BG
16.4,Vol1,,,,HL,BG
16.6,Vol1,,,,,DAC
16.8,Vol1,,,,,LAC
17,Vol1,,,,,LAC
17.2,Vol1,,,,,DAC
17.4,Vol1,,,,HL,Clav
17.6,Vol1,,,,,BG
17.8,Vol1,,,,,LAC
18,Vol1,,,,,LAC
18.2,Vol1,,,,,LAC
18.4,Vol1,,,,,LAC
18.6,Vol1,,,,,LAC
18.8,Vol1,,,,,R
19,Vol1,,,,,IC
19.2,Vol1,,,,HL,R
19.4,Vol1,,,,,R
19.6,Vol1,,,,,R
19.8,Vol1,,,,,R
20,Vol1,,,,HL,R
20.2,Vol1,UF3,,,,BG
20.4,Vol1,,,,HL,R
20.6,Vol1,,,,,R
20.8,Vol1,,,,,R
21,Vol1,US2,,,HL,R
21.2,Vol1,US2,,,HL,R
21.4,Vol1,US2,,,HL,R
21.6,Vol1,UF3,EP,,HL,R
21.8,Vol1,EP,,,,R
22,Vol1,EP,,,,BG
22.2,Vol1,,,,,R
22.4,Vol1,,,,,R
22.6,Vol1,,,,,R
22.8,Vol1,,,,,R
23,Vol1,,,,,R
23.2,Vol1,,,,,R
23.4,Vol1,,,,,IC
23.6,Vol1,,,,,LAC
23.8,Vol1,,,,,R
24,Vol1,,,,,R
24.2,Vol1,,,,,R
24.4,Vol1,,,,,PC
24.6,Vol1,,,,,R
24.8,Vol1,,,,,R
25,Vol1,,,,,R
25.2,Vol1,,,,,R
25.4,Vol1,,,,,R
25.6,Vol1,,,,,R
25.8,Vol1,,,,,PC
26,Vol1,,,,,LAC
26.2,Vol1,UF4,,,HL,IC
26.4,Vol1,,,,HL,IC
26.6,Vol1,,,,,PC
26.8,Vol1,,,,,IC
27,Vol1,,,,,LAC
27.2,Vol1,,,,,IC
27.4,Vol1,,,,HL,IC
27.6,Vol1,,,,,R
27.8,Vol1,,,,,R
28,Vol1,,,,,R
28.2,Vol1,,,,,R
28.4,Vol1,,,,,LAC
28.6,Vol1,,,,,BG
28.8,Vol1,,,,,BG
29,Vol1,,,,,R
29.2,Vol1,,,,,R
29.4,Vol1,,,,HL,R
29.6,Vol1,,,,,R
29.8,Vol1,,,,,IC
30,Vol1,,,,,Pelt
0.2,Vol2,,,,,R
0.4,Vol2,UF3,,,HL,R
0.6,Vol2,UF2,,,,R
0.8,Vol2,UF2,,,,R
1,Vol2,UF2,UF3,,HL,BG
1.2,Vol2,,,,HL,R
1.4,Vol2,,,,,R
1.6,Vol2,,,,,BG
1.8,Vol2,UF3,,,,BG
2,Vol2,UF3,,,,BG
2.2,Vol2,,,,,R
2.4,Vol2,,,,,R
2.6,Vol2,,,,,R
2.8,Vol2,,,,,IC
3,Vol2,,,,,R
3.2,Vol2,UF3,,,,IC
3.4,Vol2,,,,,R
3.6,Vol2,,,,,R
3.8,Vol2,,,,,R
4,Vol2,,,,,R
4.2,Vol2,,,,,R
4.4,Vol2,,,,,LAC
4.6,Vol2,,,,,BG
4.8,Vol2,,,,,IC
5,Vol2,,,,,R
5.2,Vol2,,,,,IC
5.4,Vol2,,,,HL,IC
5.6,Vol2,,,,,R
5.8,Vol2,,,,,R
6,Vol2,,,,,R
6.2,Vol2,,,,,R
6.4,Vol2,UF3,,,HL,R
6.6,Vol2,,,,,DAC
6.8,Vol2,,,,,LAC
7,Vol2,,,,,R
7.2,Vol2,,,,,R
7.4,Vol2,,,,,LAC
7.6,Vol2,,,,,R
7.8,Vol2,,,,,R
8,Vol2,,,,,R
8.2,Vol2,,,,,R
8.4,Vol2,,,,HL,R
8.6,Vol2,,,,,R
8.8,Vol2,,,,,R
9,Vol2,,,,,R
9.2,Vol2,,,,,R
9.4,Vol2,,,,,R
9.6,Vol2,,,,,R
9.8,Vol2,,,,,BG
10,Vol2,,,,,BG
10.2,Vol2,,,,,BG
10.4,Vol2,,,,HL,IC
10.6,Vol2,,,,,LAC
10.8,Vol2,,,,HL,PC
11,Vol2,,,,,IC
11.2,Vol2,,,,HL,R
11.4,Vol2,,,,,PC
11.6,Vol2,,,,,R
11.8,Vol2,,,,,R
12,Vol2,,,,,Clav
12.2,Vol2,,,,,LAC
12.4,Vol2,EP,,,,R
12.6,Vol2,EP,,,,BG
12.8,Vol2,EP,,,,DAC
13,Vol2,,,,,Clav
13.2,Vol2,,,,,IC
13.4,Vol2,,,,,BG
13.6,Vol2,,,,,R
13.8,Vol2,,,,,R
14,Vol2,,,,,R
14.2,Vol2,,,,,DAC
14.4,Vol2,,,,,LAC
14.6,Vol2,,,,HL,LAC
14.8,Vol2,,,,,IC
15,Vol2,,,,,LAC
15.2,Vol2,,,,,Pelt
15.4,Vol2,,,,,IC
15.6,Vol2,,,,,BG
15.8,Vol2,,,,,R
16,Vol2,,,,,R
16.2,Vol2,,,,,R
16.4,Vol2,,,,,R
16.6,Vol2,,,,,R
16.8,Vol2,,,,,R
17,Vol2,,,,,R
17.2,Vol2,,,,,R
17.4,Vol2,,,,,BG
17.6,Vol2,,,,,R
17.8,Vol2,,,,,R
18,Vol2,UF2,,,,R
18.2,Vol2,UF2,,,,BG
18.4,Vol2,,,,,IC
18.6,Vol2,,,,,LAC
18.8,Vol2,,,,,R
19,Vol2,,,,,R
19.2,Vol2,,,,,R
19.4,Vol2,,,,,R
19.6,Vol2,,,,,R
19.8,Vol2,,,,,R
20,Vol2,,,,,R
20.2,Vol2,,,,,R
20.4,Vol2,,,,,R
20.6,Vol2,,,,,R
20.8,Vol2,,,,,R
21,Vol2,,,,,LAC
21.2,Vol2,,,,,LAC
21.4,Vol2,,,,,BG
21.6,Vol2,,,,,IC
21.8,Vol2,,,,HL,IC
22,Vol2,,,,,IC
22.2,Vol2,,,,,BG
22.4,Vol2,,,,HL,BG
22.6,Vol2,,,,,Pelt
22.8,Vol2,,,,,LAC
23,Vol2,,,,,R
23.2,Vol2,,,,,LAC
23.4,Vol2,,,,,R
23.6,Vol2,,,,,R
23.8,Vol2,,,,,PC
24,Vol2,,,,HL,LAC
24.2,Vol2,,,,,IC
24.4,Vol2,,,,,R
24.6,Vol2,,,,,R
24.8,Vol2,,,,,R
25,Vol2,,,,,R
25.2,Vol2,,,,,R
25.4,Vol2,,,,,R
25.6,Vol2,,,,,R
25.8,Vol2,,,,,LAC
26,Vol2,,,,,Clav
26.2,Vol2,,,,HL,IC
26.4,Vol2,,,,,LAC
26.6,Vol2,,,,HL,R
26.8,Vol2,,,,,LAC
27,Vol2,,,,,R
27.2,Vol2,,,,,R
27.4,Vol2,,,,HL,LAC
27.6,Vol2,,,,,IC
27.8,Vol2,,,,,LAC
28,Vol2,,,,,LAC
28.2,Vol2,,,,,R
28.4,Vol2,,,,HL,R
28.6,Vol2,,,,HL,R
28.8,Vol2,,,,,R
29,Vol2,,,,,Pelt
29.2,Vol2,,,,,R
29.4,Vol2,,,,,Clav
29.6,Vol2,,,,,Clav
29.8,Vol2,,,,,LAC
30,Vol2,,,,,IC
0.2,Jer1,UNK1,,,,LAC/PC
0.4,Jer1,,,,,PC
0.6,Jer1,,,,,LAC
0.8,Jer1,,,,,PC
1,Jer1,,,,,PC
1.2,Jer1,,,,,PC
1.4,Jer1,,,,,PC
1.6,Jer1,,,,,PC
1.8,Jer1,,,,,LAC/PC
2,Jer1,,,,,PC
2.2,Jer1,UNK1,,,HL,BG
2.4,Jer1,UNK2,,,,PC
2.6,Jer1,,,,,IC/PC
2.8,Jer1,,,,,LAC
3,Jer1,,,,HL,IC
3.2,Jer1,,,,,LAC
3.4,Jer1,TAR,,,,PC
3.6,Jer1,,,,,PC
3.8,Jer1,,,,,PC
4,Jer1,,,,,PC
4.2,Jer1,,,,,PC
4.4,Jer1,,,,,PC
4.6,Jer1,,,,,PC
4.8,Jer1,,,,,PC
5,Jer1,,,,,PC
5.2,Jer1,,,,,LAC/PC
5.4,Jer1,,,,,PC
5.6,Jer1,,,,,PC
5.8,Jer1,,,,,LAC/PC
6,Jer1,,,,,PC
6.2,Jer1,,,,,PC
6.4,Jer1,,,,,IC/PC
6.6,Jer1,,,,,PC
6.8,Jer1,UNK1,,,,BG
7,Jer1,,,,,LAC/PC
7.2,Jer1,,,,,LAC/PC
7.4,Jer1,,,,,PC
7.6,Jer1,,,,,DAC/PC
7.8,Jer1,,,,,DAC/PC
8,Jer1,,,,,DAC/PC
8.2,Jer1,,,,,LAC/PC
8.4,Jer1,,,,,PC
8.6,Jer1,,,,,LAC/PC
8.8,Jer1,,,,,LAC/PC
9,Jer1,,,,,DAC/PC
9.2,Jer1,UNK1,,,,PC
9.4,Jer1,,,,HL,LAC
9.6,Jer1,,,,,LAC/PC
9.8,Jer1,,,,HL,DAC/PC
10,Jer1,,,,,PC
10.2,Jer1,,,,,PC
10.4,Jer1,,,,,DAC/PC
10.6,Jer1,,,,,DAC/PC
10.8,Jer1,,,,,LAC/PC
11,Jer1,,,,,LAC
11.2,Jer1,,,,HL,DAC
11.4,Jer1,,,,,LAC/PC
11.6,Jer1,,,,,PC
11.8,Jer1,,,,,LAC/PC
12,Jer1,,,,,DAC/PC
12.2,Jer1,,,,,LAC/PC
12.4,Jer1,,,,,LAC
12.6,Jer1,,,,,LAC/PC
12.8,Jer1,,,,,LAC/PC
13,Jer1,,,,,LAC/PC
13.2,Jer1,,,,,IC
13.4,Jer1,UNK1,,,,IC
13.6,Jer1,UNK1,,,,IC/PC
13.8,Jer1,,,,,LAC/PC
14,Jer1,UNK1,,,,DAC
14.2,Jer1,,,,,DAC/PC
14.4,Jer1,,,,,IC/PC
14.6,Jer1,,,,,DAC/PC
14.8,Jer1,,,,,LAC
15,Jer1,,,,,PC
15.2,Jer1,,,,,LAC
15.4,Jer1,,,,,LAC/PC
15.6,Jer1,,,,,IC/PC
15.8,Jer1,,,,,LAC/PC
16,Jer1,,,,,LAC/PC
16.2,Jer1,UNK1,,,,LAC/PC
16.4,Jer1,UNK1,,,,IC/PC
16.6,Jer1,,,,,DAC
16.8,Jer1,,,,Nostoc,LAC/PC
17,Jer1,,,,,LAC/PC
17.2,Jer1,UNK1,,,,IC
17.4,Jer1,,,,,IC
17.6,Jer1,,,,,DAC/PC
17.8,Jer1,,,,,PC
18,Jer1,,,,,PC
18.2,Jer1,,,,,LAC/PC
18.4,Jer1,,,,,DAC/PC
18.6,Jer1,,,,,DAC/PC
18.8,Jer1,,,,,LAC/PC
19,Jer1,,,,,LAC/PC
19.2,Jer1,,,,,DAC/PC
19.4,Jer1,,,,,DAC/PC
19.6,Jer1,,,,,DAC/PC
19.8,Jer1,,,,,LAC/PC
20,Jer1,,,,,LAC/PC
20.2,Jer1,,,,,LAC
20.4,Jer1,,,,,IC
20.6,Jer1,UNK1,,,,LAC
20.8,Jer1,,,,,LAC/PC
21,Jer1,UNK1,,,,IC
21.2,Jer1,,,,,DAC/Clav
21.4,Jer1,UNK1,,,,DAC/PC
21.6,Jer1,UNK1,,,,IC
21.8,Jer1,UNK1,,,,PC
22,Jer1,,,,,LAC
22.2,Jer1,,,,,LAC
22.4,Jer1,,,,,DAC/PC
22.6,Jer1,UNK1,,,,BG
22.8,Jer1,,,,HL,DAC
23,Jer1,,,,HL,PC
23.2,Jer1,UNK1,,,,BG
23.4,Jer1,,,,,LAC/PC
23.6,Jer1,,,,,PC
23.8,Jer1,,,,,LAC/PC
24,Jer1,,,,,PC
24.2,Jer1,,,,,PC
24.4,Jer1,,,,,LAC
24.6,Jer1,,,,,PC
24.8,Jer1,,,,,BG
25,Jer1,,,,,DAC
25.2,Jer1,,,,,DAC
25.4,Jer1,UNK1,,,,IC
25.6,Jer1,,,,,DAC
25.8,Jer1,,,,,DAC
26,Jer1,,,,,LAC/PC
26.2,Jer1,,,,,DAC/PC
26.4,Jer1,UNK1,,,,DAC/PC
26.6,Jer1,,,,HL,DAC/PC
26.8,Jer1,UNK1,,,,IC
27,Jer1,,,,HL,LAC
27.2,Jer1,UNK1,,,,BG
27.4,Jer1,,,,,LAC/PC
27.6,Jer1,,,,,LAC/PC
27.8,Jer1,,,,,PC
28,Jer1,,,,,LAC/PC
28.2,Jer1,,,,,PC
28.4,Jer1,,,,,LAC/PC
28.6,Jer1,,,,,LAC/PC
28.8,Jer1,,,,,PC
29,Jer1,,,,,PC
29.2,Jer1,,,,,LAC/PC
29.4,Jer1,,,,,PC
29.6,Jer1,,,,,PC
29.8,Jer1,,,,,PC
30,Jer1,,,,,DAC/PC
0.2,Jer2,,,,,PC
0.4,Jer2,,,,,IC
0.6,Jer2,,,,,LAC
0.8,Jer2,,,,,PC
1,Jer2,,,,,IC
1.2,Jer2,,,,,LAC
1.4,Jer2,,,,,PC
1.6,Jer2,,,,,IC 
1.8,Jer2,,,,,LAC
2,Jer2,,,,,LAC/PC
2.2,Jer2,,,,,PC
2.4,Jer2,,,,,IC/PC
2.6,Jer2,,,,,PC
2.8,Jer2,,,,,DAC/PC
3,Jer2,,,,,LAC/PC
3.2,Jer2,,,,,PC
3.4,Jer2,,,,,LAC/PC
3.6,Jer2,,,,,LAC/PC
3.8,Jer2,,,,,PC
4,Jer2,,,,,IC
4.2,Jer2,,,,,PC
4.4,Jer2,UNK3,,,,IC
4.6,Jer2,,,,,LAC
4.8,Jer2,,,,,BG
5,Jer2,,,,,IC/PC
5.2,Jer2,UNK4,,,,IC
5.4,Jer2,UNK4,,,,BG
5.6,Jer2,UNK4,,,,IC
5.8,Jer2,,,,,LAC
6,Jer2,,,,,LAC
6.2,Jer2,,,,,LAC/PC
6.4,Jer2,,,,,DAC/PC
6.6,Jer2,,,,,IC
6.8,Jer2,,,,,LAC/PC
7,Jer2,,,,,LAC/PC
7.2,Jer2,,,,,LAC/PC
7.4,Jer2,,,,,LAC/PC
7.6,Jer2,Cheese,US3,,,LAC/PC
7.8,Jer2,,,,,DAC/PC
8,Jer2,,,,,PC
8.2,Jer2,,,,,LAC/PC
8.4,Jer2,,,,,LAC/PC
8.6,Jer2,,,,,LAC/PC
8.8,Jer2,,,,,LAC/PC
9,Jer2,,,,HL,IC
9.2,Jer2,UNK1,,,HL,IC
9.4,Jer2,UNK1,,,,LAC
9.6,Jer2,,,,,PC
9.8,Jer2,,,,,LAC/PC
10,Jer2,,,,,DAC/PC
10.2,Jer2,,,,,LAC/PC
10.4,Jer2,,,,,PC
10.6,Jer2,,,,,LAC/PC
10.8,Jer2,,,,,PC
11,Jer2,,,,,LAC/PC
11.2,Jer2,MESQ,TAR,,,PC
11.4,Jer2,MESQ,,,,PC
11.6,Jer2,MESQ,,,,LAC/PC
11.8,Jer2,MESQ,,,,IC
12,Jer2,MESQ,,,HL,LAC
12.2,Jer2,MESQ,,,HL,LAC
12.4,Jer2,,,,,DAC/PC
12.6,Jer2,,,,,DAC/PC
12.8,Jer2,,,,,PC
13,Jer2,,,,,DAC/PC
13.2,Jer2,,,,,Pelt/PC
13.4,Jer2,,,,,PC
13.6,Jer2,,,,,DAC/PC
13.8,Jer2,,,,,LAC/PC
14,Jer2,,,,,Collema
14.2,Jer2,,,,,LAC/PC
14.4,Jer2,UNK1,,,,DAC
14.6,Jer2,,,,,DAC
14.8,Jer2,,,,,DAC/PC
15,Jer2,,,,,PC
15.2,Jer2,UNK1,,,,LAC
15.4,Jer2,,,,,LAC/PC
15.6,Jer2,,,,,LAC
15.8,Jer2,,,,,LAC/PC
16,Jer2,,,,,LAC/PC
16.2,Jer2,,,,,DAC/PC
16.4,Jer2,,,,,LAC/PC
16.6,Jer2,UNK1,,,,LAC
16.8,Jer2,,,,,DAC/PC
17,Jer2,,,,Nostoc,DAC
17.2,Jer2,,,,,DAC
17.4,Jer2,UNK1,,,,PC
17.6,Jer2,,,,,DAC/PC
17.8,Jer2,UNK1,,,,DAC
18,Jer2,UNK1,,,,LAC
18.2,Jer2,,,,,DAC
18.4,Jer2,,,,,LAC
18.6,Jer2,,,,,LAC
18.8,Jer2,,,,,DAC/PC
19,Jer2,,,,,LAC/PC
19.2,Jer2,,,,,DAC
19.4,Jer2,,,,,PC
19.6,Jer2,,,,,LAC
19.8,Jer2,,,,,LAC
20,Jer2,,,,,PC
20.2,Jer2,,,,,DAC/PC
20.4,Jer2,,,,,PC
20.6,Jer2,UNK1,,,,LAC/PC
20.8,Jer2,,,,,LAC/PC
21,Jer2,,,,,LAC/PC
21.2,Jer2,,,,,DAC/PC
21.4,Jer2,,,,,PC
21.6,Jer2,,,,,DAC/PC
21.8,Jer2,,,,,PC
22,Jer2,,,,,LAC/PC
22.2,Jer2,,,,,LAC
22.4,Jer2,,,,,DAC/PC
22.6,Jer2,,,,,LAC/PC
22.8,Jer2,,,,,LAC/PC
23,Jer2,,,,,LAC
23.2,Jer2,,,,,LAC
23.4,Jer2,,,,,LAC
23.6,Jer2,,,,,LAC
23.8,Jer2,,,,,PC
24,Jer2,,,,,IC/PC
24.2,Jer2,,,,,DAC
24.4,Jer2,,,,,LAC/PC
24.6,Jer2,,,,,PC
24.8,Jer2,,,,,LAC/PC
25,Jer2,,,,,LAC/PC
25.2,Jer2,,,,,LAC/PC
25.4,Jer2,,,,,PC
25.6,Jer2,,,,,PC
25.8,Jer2,,,,,LAC
26,Jer2,,,,,LAC/PC
26.2,Jer2,,,,,LAC/PC
26.4,Jer2,,,,,PC
26.6,Jer2,,,,,DAC/PC
26.8,Jer2,,,,,DAC/PC
27,Jer2,,,,,LAC/PC
27.2,Jer2,,,,,LAC
27.4,Jer2,,,,,DAC
27.6,Jer2,,,,,LAC/PC
27.8,Jer2,,,,,LAC/PC
28,Jer2,,,,,LAC/PC
28.2,Jer2,,,,,LAC/PC
28.4,Jer2,,,,,DAC
28.6,Jer2,,,,,LAC/PC
28.8,Jer2,,,,,PC
29,Jer2,,,,,IC
29.2,Jer2,,,,,PC
29.4,Jer2,,,,,LAC/PC
29.6,Jer2,,,,,PC
29.8,Jer2,,,,,PC
30,Jer2,,,,,LAC
0.2,Whs1,,,,,PC
0.4,Whs1,,,,,LAC
0.6,Whs1,,,,,EL
0.8,Whs1,,,,,LAC
1,Whs1,,,,,Clav
1.2,Whs1,,,,,DAC
1.4,Whs1,,,,,DAC
1.6,Whs1,,,,,Gypsum
1.8,Whs1,,,,HL,DAC
2,Whs1,,,,HL,IC
2.2,Whs1,,,,,LAC
2.4,Whs1,,,,,Clav
2.6,Whs1,,,,HL,LAC
2.8,Whs1,,,,,Clav
3,Whs1,,,,,Pelt
3.2,Whs1,,,,,Clav
3.4,Whs1,,,,,Pelt
3.6,Whs1,,,,,DAC
3.8,Whs1,,,,,EL
4,Whs1,,,,,UKG1
4.2,Whs1,,,,,LAC
4.4,Whs1,,,,,BG
4.6,Whs1,,,,,DAC
4.8,Whs1,UKG1,,,,LAC
5,Whs1,,,,,LAC
5.2,Whs1,,,,,LAC
5.4,Whs1,UKG1,,,,LAC
5.6,Whs1,UNF1,,,,LAC
5.8,Whs1,,,,,LAC
6,Whs1,,,,,LAC
6.2,Whs1,,,,,LAC
6.4,Whs1,,,,,Clav
6.6,Whs1,,,,,LAC
6.8,Whs1,,,,,DAC
7,Whs1,,,,,Clav
7.2,Whs1,,,,,DAC
7.4,Whs1,,,,,DAC
7.6,Whs1,EP,,,,IC
7.8,Whs1,,,,,UKG1
8,Whs1,,,,,LAC
8.2,Whs1,,,,,LAC
8.4,Whs1,,,,,Clav
8.6,Whs1,,,,,EL
8.8,Whs1,,,,,LAC
9,Whs1,,,,,Clav
9.2,Whs1,,,,,LAC
9.4,Whs1,,,,,Pelt
9.6,Whs1,,,,,Clav
9.8,Whs1,,,,,Pelt
10,Whs1,,,,,EL
10.2,Whs1,,,,,Clav
10.4,Whs1,,,,,Clav
10.6,Whs1,EP,,,,LAC
10.8,Whs1,,,,,LAC
11,Whs1,,,,,DAC
11.2,Whs1,,,,,DAC/PC
11.4,Whs1,,,,,LAC
11.6,Whs1,,,,,DAC/PC
11.8,Whs1,,,,,DAC
12,Whs1,,,,,EL
12.2,Whs1,,,,,LAC
12.4,Whs1,,,,,EL
12.6,Whs1,,,,,DAC/PC
12.8,Whs1,,,,,LAC
13,Whs1,,,,,IC
13.2,Whs1,,,,,LAC
13.4,Whs1,,,,,LAC
13.6,Whs1,,,,,Clav
13.8,Whs1,,,,,Clav
14,Whs1,,,,,Collema
14.2,Whs1,,,,,EL
14.4,Whs1,,,,,IC
14.6,Whs1,,,,,LAC/PC
14.8,Whs1,,,,,Clav
15,Whs1,,,,,UKG1
15.2,Whs1,,,,,IC
15.4,Whs1,,,,,IC
15.6,Whs1,,,,,LAC
15.8,Whs1,,,,,LAC
16,Whs1,,,,,IC
16.2,Whs1,,,,,Clav
16.4,Whs1,,,,,Pelt
16.6,Whs1,,,,,Clav
16.8,Whs1,,,,,Clav
17,Whs1,,,,,Pelt
17.2,Whs1,,,,,Clav/PC
17.4,Whs1,,,,,Clav
17.6,Whs1,,,,,Clav
17.8,Whs1,,,,,LAC
18,Whs1,,,,,PC
18.2,Whs1,,,,,LAC/PC
18.4,Whs1,,,,,Clav
18.6,Whs1,,,,,Clav
18.8,Whs1,Not Tar,,,,LAC
19,Whs1,Not Tar,,,,IC
19.2,Whs1,,,,,DAC
19.4,Whs1,,,,,LAC
19.6,Whs1,,,,,LAC
19.8,Whs1,,,,,LAC/PC
20,Whs1,,,,,EL
20.2,Whs1,,,,,PC
20.4,Whs1,,,,,DAC/PC
20.6,Whs1,,,,,Pelt
20.8,Whs1,,,,,LAC
21,Whs1,,,,,CLA
21.2,Whs1,,,,,Clav
21.4,Whs1,,,,,LAC
21.6,Whs1,EP,,,,LAC
21.8,Whs1,EP,,,,IC
22,Whs1,,,,,LAC
22.2,Whs1,,,,,LAC
22.4,Whs1,,,,,LAC
22.6,Whs1,,,,,IC
22.8,Whs1,,,,,DAC
23,Whs1,,,,,UKG1
23.2,Whs1,UKG1,,,,Collema
23.4,Whs1,,,,,LAC
23.6,Whs1,,,,,Collema
23.8,Whs1,,,,,Clav
24,Whs1,,,,,Clav
24.2,Whs1,,,,,PC
24.4,Whs1,,,,,LAC
24.6,Whs1,,,,,DAC
24.8,Whs1,,,,,Clav
25,Whs1,Not Tar,,,,LAC
25.2,Whs1,Not Tar,,,,BG
25.4,Whs1,Not Tar,,,HL,LAC
25.6,Whs1,,,,,LAC
25.8,Whs1,,,,HL,LAC
26,Whs1,,,,,LAC
26.2,Whs1,,,,,LAC
26.4,Whs1,UNF1,UKG2,,HL,BG
26.6,Whs1,UKG2,,,HL,BG
26.8,Whs1,UKG2,,,HL,BG
27,Whs1,,,,,LAC
27.2,Whs1,UNF1,,,HL,PC
27.4,Whs1,,,,,LAC
27.6,Whs1,UNF1,,,HL,LAC
27.8,Whs1,,,,,Clav
28,Whs1,,,,,DAC
28.2,Whs1,,,,,IC
28.4,Whs1,,,,,LAC
28.6,Whs1,,,,,LAC
28.8,Whs1,,,,,Clav
29,Whs1,,,,,Clav
29.2,Whs1,,,,,LAC
29.4,Whs1,,,,,LAC
29.6,Whs1,,,,,LAC
29.8,Whs1,,,,HL,BG
30,Whs1,,,,HL,BG
0.2,Whs2,,,,,DAC
0.4,Whs2,,,,,Clav/PC
0.6,Whs2,,,,,Clav
0.8,Whs2,,,,,Clav
1,Whs2,,,,,Clav
1.2,Whs2,,,,,Collema
1.4,Whs2,,,,,Collema
1.6,Whs2,,,,,Collema
1.8,Whs2,,,,,Clav
2,Whs2,,,,,DAC
2.2,Whs2,,,,,Clav
2.4,Whs2,,,,,UKG1
2.6,Whs2,,,,,Clav
2.8,Whs2,,,,,Clav
3,Whs2,,,,,Collema
3.2,Whs2,,,,,DAC
3.4,Whs2,UNF1,,,,LAC
3.6,Whs2,Not Tar,UNF1,,,LAC
3.8,Whs2,Not Tar,UKG2,,,LAC
4,Whs2,Cruc1,,,HL,IC
4.2,Whs2,Cruc1,,,,LAC
4.4,Whs2,,,,,LAC
4.6,Whs2,,,,,DAC
4.8,Whs2,,,,,UKG2
5,Whs2,UNF1,UKG2,,HL,BG
5.2,Whs2,UNF1,,,HL,IC
5.4,Whs2,,,,,Clav
5.6,Whs2,,,,,DAC
5.8,Whs2,,,,HL,LAC
6,Whs2,Not Tar,,,WL,BG
6.2,Whs2,Not Tar,,,HL,BG
6.4,Whs2,,,,,LAC
6.6,Whs2,,,,,Clav
6.8,Whs2,,,,,Collema
7,Whs2,UKG1,,,,LAC
7.2,Whs2,,,,,Pelt
7.4,Whs2,,,,,EL
7.6,Whs2,,,,,PC
7.8,Whs2,,,,,Clav
8,Whs2,,,,,Clav
8.2,Whs2,,,,,DAC
8.4,Whs2,,,,,LAC/PC
8.6,Whs2,,,,,Collema
8.8,Whs2,,,,,Gypsum
9,Whs2,,,,,DAC
9.2,Whs2,,,,,Clav
9.4,Whs2,,,,,Clav
9.6,Whs2,,,,,Clav
9.8,Whs2,,,,,DAC
10,Whs2,,,,,EL
10.2,Whs2,,,,,EL
10.4,Whs2,UKG1,,,,LAC
10.6,Whs2,,,,,LAC
10.8,Whs2,,,,,Collema
11,Whs2,,,,,LAC
11.2,Whs2,,,,,LAC
11.4,Whs2,,,,,Clav
11.6,Whs2,,,,,Clav
11.8,Whs2,,,,HL,LAC
12,Whs2,,,,,Clav
12.2,Whs2,,,,,Pelt
12.4,Whs2,,,,,LAC
12.6,Whs2,UKG1,,,,IC
12.8,Whs2,,,,,Pelt
13,Whs2,,,,,DAC
13.2,Whs2,UKG1,,,,Clav
13.4,Whs2,UKG1,,,,Clav
13.6,Whs2,,,,,Pelt
13.8,Whs2,,,,,Clav
14,Whs2,,,,,Clav
14.2,Whs2,,,,,Clav
14.4,Whs2,,,,,LAC
14.6,Whs2,,,,,UKG1
14.8,Whs2,UKG1,,,,Clav
15,Whs2,,,,,Collema
15.2,Whs2,,,,,Pelt
15.4,Whs2,,,,,Clav
15.6,Whs2,,,,,Clav
15.8,Whs2,,,,,Clav/PC
16,Whs2,UKF1,,,,Clav
16.2,Whs2,,,,,Pelt
16.4,Whs2,,,,,DAC
16.6,Whs2,,,,,Clav
16.8,Whs2,,,,,Clav
17,Whs2,,,,,Clav
17.2,Whs2,,,,,LAC
17.4,Whs2,,,,,UKG1
17.6,Whs2,,,,,Clav
17.8,Whs2,,,,,Clav
18,Whs2,,,,,Pelt
18.2,Whs2,,,,,Pelt
18.4,Whs2,,,,,IC
18.6,Whs2,,,,,LAC
18.8,Whs2,,,,,DAC
19,Whs2,UKF1,,,,DAC
19.2,Whs2,,,,,LAC
19.4,Whs2,,,,,EL
19.6,Whs2,,,,,DAC
19.8,Whs2,,,,,Clav
20,Whs2,,,,,Clav
20.2,Whs2,,,,,LAC
20.4,Whs2,,,,,Clav
20.6,Whs2,,,,,DAC
20.8,Whs2,,,,WL,LAC
21,Whs2,UKG2,,,,EL
21.2,Whs2,,,,,EL
21.4,Whs2,,,,,DAC
21.6,Whs2,,,,,EL
21.8,Whs2,,,,,UKG2
22,Whs2,,,,,Clav
22.2,Whs2,,,,,DAC
22.4,Whs2,,,,,DAC
22.6,Whs2,,,,,Clav
22.8,Whs2,,,,,Clav
23,Whs2,UKG1,,,,DAC
23.2,Whs2,UKG1,,,,LAC
23.4,Whs2,,,,WL,LAC
23.6,Whs2,,,,,LAC
23.8,Whs2,,,,,LAC
24,Whs2,,,,,LAC
24.2,Whs2,,,,,Clav
24.4,Whs2,,,,,LAC/PC
24.6,Whs2,,,,,Pelt
24.8,Whs2,,,,,Clav
25,Whs2,,,,,LAC
25.2,Whs2,,,,,LAC
25.4,Whs2,,,,,Pelt
25.6,Whs2,,,,,Clav
25.8,Whs2,,,,,LAC
26,Whs2,,,,,Clav
26.2,Whs2,,,,,LAC
26.4,Whs2,,,,,EL
26.6,Whs2,,,,,Clav
26.8,Whs2,Cruc1,,,,LAC
27,Whs2,Cruc1,,,,Clav
27.2,Whs2,,,,HL,UKG1
27.4,Whs2,,,,HL,LAC
27.6,Whs2,,,,,LAC
27.8,Whs2,,,,,DAC
28,Whs2,,,,,Clav
28.2,Whs2,,,,,LAC
28.4,Whs2,,,,HL,LAC
28.6,Whs2,UKG1,,,,LAC
28.8,Whs2,,,,,LAC
29,Whs2,,,,,LAC
29.2,Whs2,,,,HL,LAC
29.4,Whs2,,,,HL,LAC
29.6,Whs2,,,,,IC
29.8,Whs2,Cruc1,,,,LAC
30,Whs2,,,,,LAC
